-- ============================================================
-- 影院购票管理系统 (Cinema Ticket Management System)
-- 初始数据 — xm-film
-- ============================================================
-- 执行前请确保已执行 schema.sql 建表
-- ============================================================

-- ---------------------------
-- 1. admin — 管理员数据
-- ---------------------------
INSERT INTO `admin` (`id`, `username`, `password`, `role`, `name`, `avatar`, `phone`, `email`) VALUES
(1, '999', '999', 'ADMIN', '任建峰', '/files/fac908b2-616f-42e2-b880-a0df7b09ce56.jpg', '19815303389', '2145345678@qq.com');

-- ---------------------------
-- 2. user — 用户数据
-- ---------------------------
INSERT INTO `user` (`id`, `username`, `password`, `name`, `role`, `avatar`, `phone`, `email`) VALUES
(6, 'zhangsan', 'user123', '张三', 'USER', '/files/770d8a2f-6940-4bd2-9250-9d283365b4b8.jpg', '18800009999', 'zhangsan@xm.com'),
(7, 'wangwu', 'user123', '王五', 'USER', '/files/d95314a7-b2fb-4040-8741-99909d26c58d.jpg', '15677778888', 'wangwu@xm.com'),
(8, 'lisi', '123', '李四', 'USER', '/files/2dd39a8a-3ef0-4a37-a6fc-42c618dd7f15.jpg', '18855556666', 'lisi@xm.com');

-- ---------------------------
-- 3. area — 区域/产地数据
-- ---------------------------
INSERT INTO `area` (`id`, `title`) VALUES
(1, '中国大陆'),
(2, '美国'),
(3, '日本'),
(4, '德国'),
(5, '法国'),
(6, '韩国'),
(7, '中国香港'),
(8, '波兰'),
(9, '西班牙'),
(10, '意大利'),
(11, '印度'),
(12, '俄罗斯'),
(13, '英国'),
(14, '中国台湾'),
(15, '葡萄牙');

-- ---------------------------
-- 4. type — 电影类型数据
-- ---------------------------
INSERT INTO `type` (`id`, `title`) VALUES
(1, '纪录'),
(4, '恐怖'),
(5, '喜剧'),
(6, '动漫'),
(7, '伦理'),
(13, '爱情'),
(14, '动作'),
(15, '灾难'),
(16, '体育'),
(17, '动画'),
(18, '历史'),
(19, '犯罪'),
(20, '科幻'),
(21, '悬疑'),
(22, '剧情'),
(23, '冒险'),
(24, '家庭');

-- ---------------------------
-- 5. cinema — 影院数据
-- ---------------------------
INSERT INTO `cinema` (`id`, `username`, `password`, `avatar`, `role`, `name`, `phone`, `email`, `address`, `leader`, `code`, `status`, `certificate`, `description`) VALUES
(8, 'wxc', '123', '/files/4e62ebfa-30f3-4e85-9b3f-2526ecac48e3.jpg', 'CINEMA', '万象城影城', '12343253456', 'wxc@qq.com', '重庆市巴南区城科', '彭炳富', '12345678978998546', '未审核', '/files/a2802db7-602b-4edd-a144-e6067ce4ba13.png', '999999999'),
(9, 'wd', '123', '/files/9e32dc92-5a1c-4ed5-bed2-4bef6f652380.jpg', 'CINEMA', '万达影城', '19900001212', 'wd@qq.com', '合肥市蜀山区京东商城五楼小明影城', '李小明', '341225199908099044', '已审核', '/files/1cc9ddd7-44bf-4f1d-9e6c-ddcf02efe046.png', NULL),
(10, 'asks', 'cinema123', '/files/e2935134-646b-4a56-b81d-8b5fc07f728e.jpg', 'CINEMA', '奥斯卡赛影城', '18056806885', '2053449517@qq.com', '合肥市蜀山区京东商城五楼小明影城', '李小明', '341225199908099044', '已审核', '/files/6b8d3d2d-c15f-4399-a929-2961f9fe2c61.png', NULL),
(11, 'dd', 'cinema123', '/files/06756954-4f38-4374-863a-c740b588e109.jpg', 'CINEMA', '丁丁影城（乐客来店）', '0551-62633966', 'dingding@xm.com', '蜀山区高新区长江西路与蜀峰路交叉口向北50米乐客来生活馆西门3层', '李四', '34162020000709011', '已审核', '/files/bc416eca-aceb-454f-b31b-b6d7209c75a4.png', NULL);

-- ---------------------------
-- 6. room — 放映厅数据
-- ---------------------------
INSERT INTO `room` (`id`, `cinema_id`, `title`, `name`) VALUES
(1, 8, '万象城影院', '一号厅'),
(2, 8, '万象城影院', '二号厅'),
(4, 8, '万象城影院', '三号厅'),
(5, 11, '丁丁影城（乐客来店）', '一号厅'),
(6, 11, '丁丁影城（乐客来店）', '二号厅'),
(7, 10, '奥斯卡赛影城', '一号厅'),
(8, 10, '奥斯卡赛影城', '二号厅'),
(9, 10, '奥斯卡赛影城', '三号厅'),
(10, 9, '万达影城', '一号厅'),
(11, 9, '万达影城', '二号厅'),
(12, 9, '万达影城', '三号厅');

-- ---------------------------
-- 7. film — 电影数据
-- ---------------------------
INSERT INTO `film` (`id`, `title`, `english`, `start`, `time`, `language`, `resolution`, `content`, `img`, `employee`, `area_id`, `status`, `score`, `box_office`, `actor_id`, `video`) VALUES
(10, '海绵宝宝：拯救比奇堡', 'Saving Bikini Bottom: The Sandy Cheeks Movie', '2024-10-30', 83, '英语', '3DIMAX', '为了制造出适合陪伴人类的海洋伙伴宠物，由海啸女士带领的靴子实验室抓走了比奇堡的所有居民，海绵宝宝和松鼠珊迪·奇克斯为了拯救比奇堡决心前往人类世界，开启了惊心动魄的冒险旅程。海绵宝宝和珊迪在得州被响尾蛇攻击，珊迪的家人们挺身而出帮二人脱险，并护送二人到了靴子实验室。在实验室里众人目睹了海啸女士的邪恶计划，海绵宝宝作为邪恶克隆计划的牺牲品被抓走命悬一线。在危急关头，珊迪发挥自己的聪明才智，在章鱼哥、派大星、蟹老板等比奇堡朋友们和奇克斯家人们的帮助下，排除万难成功阻止了海啸女士的克隆计划。', '/files/dac64520-915f-4b61-95dc-3018c2390ebf.jpg', '美国维亚康姆国际集团', 2, '已上映', 9.6, 8868.5, NULL, '/files/3039214a-7d12-4dc6-b896-d80ecdbd714b.mp4'),
(11, '最后的里程', 'Last mile', '2025-07-01', 128, '日语', '标准版', '11月，即将到来的全球最大购物活动之一"黑色星期五"前夜，发生了一起快递箱爆炸事件。很快，这起事件演变成了让整个日本陷入恐慌的连续爆炸事件。物流仓库的新任主管·舟渡艾蕾娜（满岛光 饰）和团队经理·梨本孔（冈田将生 饰）一同应对这场前所未有的危机！是谁？为什么安放炸弹? 剩下的炸弹还有多少？现在在哪里? 物流是现代社会的生命线，如何才能阻止这个连续爆破事件？当谜题被解开时，这个世界所隐藏真面目将浮出水面。', '/files/9f01f773-6c3a-4c8d-85c1-ddcb47d74ac4.jpg', '日本东宝株式会社', 3, '待上映', 9.2, 0, NULL, NULL),
(12, '爱情神话', 'B for Busy', '2024-10-30', 112, '普通话', '2DIMAX', '老白是一位来自上海的离异退休绘画教师，他爱上了一位同样离异的李小姐。他的前妻蓓蓓和他的一个学生的介入让整个事情变得复杂起来。在上海的弄堂里，一个男人和三个女人的故事徐徐拉开序幕。', '/files/5d75701e-567b-4684-a618-a423130e4610.jpg', '麦特影业（湖北）有限公司', 1, '已上映', 8.3, 7722, NULL, NULL),
(13, '伟大征程', 'THE GREAT JOURNEY', '2025-07-02', 126, '普通话', '3DIMAX', '国内首部4K全景声大型情景史诗舞台艺术电影。', '/files/827002f2-3960-4712-a4f6-a7da746e49c6.jpg', '中央新闻纪录电影制片厂（集团）', 1, '已上映', 8.4, 6224, 8, NULL),
(14, '红色一号：冬日行动', 'RED ONE', '2025-07-01', 123, '英语', '标准版', '圣诞老人（J·K·西蒙斯 饰）被神秘绑架，北极安保主管（道恩·强森 饰）不得已与全世界最臭名昭著的赏金猎人（克里斯·埃文斯 饰）展开合作，他们寻遍全球、打遍天下，力求拯救圣诞节。', '/files/e27d255c-186b-45b5-9dc5-e059f1faf269.jpg', '中国电影股份有限公司北京电影发行分', 2, '待上映', 9.1, 0, NULL, NULL),
(15, '哈利·波特与凤凰社', 'Harry Potter and the Order of the Phoenix', '2025-07-03', 138, '英语', '2DIMAX', '叛乱开始！伏地魔已经复活，但魔法部正在采取一切手段阻止魔法界了解真相——包括任命魔法部官员多洛雷斯·乌姆里奇担任霍格沃茨的新一任黑魔法防御术教授。当乌姆里奇拒绝传授实用的防御魔法时，罗恩和赫敏说服哈利为即将来临的巫师战争秘密挑选并训练了一批学生。这部电影改编自J.K. 罗琳的"哈利·波特"系列第五部小说，引人入胜的故事，善恶之间的惊人对决蓄势待发。准备好战斗吧！', '/files/09cabb7f-c4fe-4908-ad11-d134ccdfd566.jpg', '英国盛日影业公司', 2, '已上映', 7.8, 3245, NULL, NULL),
(16, '这个杀手不太冷', 'LEON', '2025-07-03', 133, '法语', '3DIMAX', '住在纽约贫民区的意大利人里昂（让·雷诺 饰）是一名孤独的职业杀手。一天，邻居家的小姑娘玛蒂尔达（娜塔莉·波特曼 饰）敲开了他的房门，央求在他家里暂避杀身之祸。小姑娘的家人是警方缉毒组的眼线，因为贪污了一小包毒品而遭到黑警斯坦菲尔德（加里·奥德曼 饰）残忍杀害。玛蒂尔达得到里昂的救助之后，在他那里学会了使用枪支，里昂也从玛蒂尔达那里学会了法文，在这个无依无靠的世界从彼此身上寻找到了温暖。然而他们的人生注定不平静，玛蒂尔达想要报仇，跟踪黑警后反而被抓住，里昂及时赶到将她救回，这次行动也让黑警关注到了他们的动向。狡猾的斯坦菲尔德紧盯二人，想要将他们逮捕，冲突升级让里昂和玛蒂尔达不得不分开逃跑，没想到这次分开竟然是诀别......', '/files/fc8ed88c-2719-40ed-9f4b-b5efd34ade55.jpg', 'Les Films du Dauphin', 2, '待上映', 6.4, 0, NULL, '/files/e9207194-9e2f-49e1-94ee-a575d207b551.mp4'),
(17, '变形金刚：起源', 'Transformers One', '2024-09-01', 124, '英语', '3DIMAX', '变形金刚系列焕新之作，"含刚量100%"感受极致变形盛宴！故事发生在变形金刚的母星塞伯坦，聚焦变形金刚的青年时代，讲述汽车人领袖擎天柱与霸天虎领袖威震天从手足走向反目的故事，打响旷日持久的塞伯坦之战。英雄集结踏上全新冒险，燃炸特效引爆变形狂潮，大银幕开启变形金刚新纪元！', '/files/51fa4d27-e50f-44df-9dc3-293b930d93f6.jpg', '美国派拉蒙动画', 2, '待上映', 8.2, 0, NULL, '/files/18ecdf7f-b9d7-4d99-994c-0353cf8774cf.mp4'),
(18, '749局', 'Bureau749', '2024-10-20', 123, '普通话', '标准版', '故事发生在近未来，因为未知神秘生物的出现，导致整个城市面临前所未有的危机。一桩被隐藏多年的秘密计划浮出水面。少年马山被带入749局，进入层层迷宫，开启一程冒险之旅，并在这一旅程中完成了一次自我的成长与救赎。影片既有紧张刺激的神秘元素、又有热血澎湃的动作场面、也展现了热血青春的浪漫情怀。', '/files/2b8cd257-5ba1-43e3-9756-c920411cfb44.jpg', '北京猿动力泛娱文化发展有限公司', 1, '已上映', 7.9, 9965, NULL, '/files/1090dbba-fdc5-4836-9f4a-323d250fdc13.mp4'),
(19, '爱你很久很久', 'I Am the Secret in Your Heart', '2025-08-08', 113, '港语', '标准版', '你的青春里有没有一个忘不掉的人？阳光明媚的高中生王晓夏（李沐 饰）在一次偶然中对天才转校生程奕（曹佑宁 饰）一见钟情，无法克制的心跳，让晓夏开启高调追爱模式。而从小一起长大默默守护着她的柚子（娄峻硕 饰）也决定为自己争取一次。一边是天降男神，一边是竹马守护，十七岁的少年都怀揣着最炙热的爱意，晓夏又该如何抉择？爱是给勇敢者的奖励，2024年冬天第一部爱情电影，一定要和最最最爱的人一起看……', '/files/af3145d2-cf73-473f-8690-4450da51690e.jpg', '百薇国际娱乐股份有限公司', 7, '待上映', 8.3, 0, NULL, NULL),
(20, '那个不为人知的故事', 'The Untold Story', '2025-07-09', 103, '俄语', '标准版', '近百万人千呼万唤的超人气同名IP首登大银幕，心痛与希望交织，为国捐躯的缉毒警察顶级凄美虐恋爆泪片，带你大哭一场!神秘的出租车司机陈铭生(邱泽 饰)与性格清冷的文物修复师杨昭(郎月婷 饰)偶然相遇，在一场暧昧、试探、你进我退的极致拉扯中，陈铭生渐渐卸下心防。在一次旅行中，陈铭生的卧底缉毒警身份暴露，二人的感情再次面临选择，这份汹涌悸动的爱能否抵挡住命运的捉弄？卧底缉毒警陈铭生孤勇奋战为国牺牲，又有多少无名英雄日日夜夜负重前行，守护着万家灯火？无名，却被无数人铭记；陈铭生，我们永远都记得。', '/files/e993904e-2e34-4d32-80cc-c6695a00c6b9.jpg', '一抹悠蓝传媒（成都）有限公司', 12, '待上映', 8.5, 0, NULL, '/files/f9d7ef46-ae54-43ba-9e4d-565f4613bff7.mp4'),
(21, '蓦然回首', 'Look back suddenly', '2025-08-07', 75, '日语', '2DIMAX', '这是一个令人怦然心碎的感人至深的有关于青春、梦想和友谊的故事。自信的小学生藤野一直以来都在校报上连载四格漫画，也因此享受着同学们的追捧赞美，直到她意外得知一个"家里蹲"不上学的同学京本，也想要尝试在校报上刊登漫画。这两个截然不同的女孩，她们之间唯一的联系就是对漫画的热爱。然而，有一天，在她们之间发生了一些事情，让一切都改变了……', '/files/537c0725-77da-485f-a76a-c3891477640d.jpg', '日本集英社', 3, '待上映', 8.4, 0, NULL, '/files/9f0aeaf5-35b7-4da7-802e-741c8d75a075.mp4'),
(22, '熊猫计划', 'PANDA PLAN', '2024-11-01', 99, '普通话', '2DIMAX', '太太太太太好笑太解压啦！全民爱看的熊猫喜剧全国欢乐热映中！软萌可爱又极富松弛感的熊猫幼崽呼呼堪称能够治愈一切烦恼、终止精神内耗的超强解药！成龙大哥本色出演自己，七旬老汉守国宝，惊喜笑料真不少！超萌超可爱的主人公熊猫幼崽（呼呼 饰）被国际功夫巨星Jackie（成龙 饰）认养，满心期待开启新生活。然而，呼呼独有的"大小眼"特别基因却被国际犯罪组织盯上了，组织首领不惜悬赏雇佣兵一亿美金发起了一场熊猫抢夺战。面对突如其来的危机，新晋奶爸Jackie怎能袖手旁观？联手金牌经纪人（魏翔 饰）与熊猫保育员（史策 饰）全力展开营救！万万没想到……这群反派好像不太聪明，一场惊险刺激却又荒诞可笑的守"呼"行动就此开启！偷国宝遇上成龙，这群笨贼算是踢到钢板啦！温馨提示：熊猫计划全程高能，谁看谁迷"呼"，小心笑到岔气！', '/files/b51ad4f5-25fa-4d8e-b13e-1f2ac6c4d3cc.jpg', '峨眉电影集团有限公司', 1, '已上映', 8.2, 2365.5, 9, '/files/f415156f-eee6-4bfe-9a24-a2f7734998cb.mp4'),
(23, '哈利·波特与火焰杯', 'Harry Potter and the Goblet of Fire', '2025-07-17', 157, '英语', '2DIMAX', '这是一个不同寻常的学期，魔法学校的盛事：三强争霸赛在霍格沃茨举行。学生们争先报名，希翼获得永恒无上的荣誉。火焰杯在选出三所学校的三名勇士后，竟将未足年龄的哈利也挑选出来。哈利的当选引起其他学生的嫉妒连连，就连铁哥们罗恩也首次和他闹起了别扭，哈利感到孤立无援，还好有教父小天狼星和赫敏一直支持他。可总有些好事者如记者丽塔等着看他的好戏。天知道这场比赛是何等艰辛危险，在龙的眼皮下偷蛋，潜入湖底救人，在迷宫中探险……一不小心，甚至可能付出生命的代价。黑魔王伏地魔的威胁渐渐显现，每一天都险象环生，动人心弦。', '/files/bd88a9d6-b3f9-4fce-aa60-3ae4b745e613.jpg', '美国华纳兄弟影片公司', 2, '待上映', 8.1, 1553, NULL, NULL),
(24, '危机航线', 'High Forces', '2024-11-01', 119, '港语', '2DIMAX', '疯上天！万米高空癫狂犯罪大片！和刘德华、张子枫、屈楚萧、刘涛一起体验极"疯"失重，心跳狂飙！"这是航班HY688，我们遭遇劫机！劫匪要价35亿人民币！目前飞机处于失控状态，请求支援！！"一架五星级超豪华A380客机在国际首航途中遭遇暴力劫机，整架飞机被杀意笼罩。机舱内，国际安保专家高皓军（刘德华 饰）正在和疯批悍匪团周旋，他的女儿小军（张子枫 饰）被绑为人质，性命岌岌可危。劫匪头目Mike（屈楚萧 饰）要价35亿人民币，全机乘客沦为他的筹码和玩具。女儿和前妻傅源（刘涛 饰）先后落入魔爪，暴躁杀神高晧军开启极限反杀模式，一场高空追杀就此展开。此时机舱内已是浓烟滚滚，坠机只是时间问题！全机乘客能否安全降落，这架摇摇欲坠的豪华客机究竟是最后的栖身之所还是坠入地狱的幽灵航班？', '/files/41a5b2c9-14b5-4d4d-9a27-16d3db09320c.jpg', '广州市英明文化传播有限公司', 1, '已上映', 8.8, 5897, 3, '/files/8a96e0ce-2f6c-45c9-90a1-9df1bc9b9d01.mp4'),
(25, '毒液：最后一舞', 'VENOM:THE LAST DANCE', '2024-11-01', 109, '英语', '3DIMAX', '超级IP"毒液"迎来系列终章，10月23日全国大银幕上映。被军方神秘研究组织抓捕，刚踏上逃亡之路的毒液与埃迪，又遭遇"共生体之神"纳尔麾下外星异噬体们猎杀，劲敌环伺，毒液百变附体极限突围。毒液与埃迪背水一战，生死难料，而牺牲自己是否会成为拯救对方的唯一方式？', '/files/f6add364-ca35-4596-a1bc-9f6543228b72.jpg', '美国哥伦比亚影片公司', 2, '已上映', 8.6, 6589, NULL, '/files/fa10ff2d-e7d5-4a9a-ae6e-d165809bfb50.mp4'),
(26, '志愿军：存亡之战', 'The Volunteers:The Battle of Life and Death', '2024-11-01', 144, '普通话', '3DIMAX', '陈凯歌执导，《志愿军》三部曲第二部《志愿军：存亡之战》将聚焦铁原阻击战。震撼巨制还原铁原硝烟，铁血不灭谱写英雄故事，一场存亡之战，一支英雄铁军！抗美援朝战争第五次战役的转移阶段，铁原阻击战正式打响，中国人民志愿军第63军2.5万将士与近5万"联合国军"展开激战。志愿军将士们浴血奋战，终于把敌军打上了谈判桌。面前，武装到牙齿的敌军步步迫近；身后，是数十万正在转移的主力部队，生死存亡，在此一战。1个小时，敌军的4500吨炮弹向我军一个师的阵地倾泻而至，12昼夜，步坦炮协同的敌军数次冲锋……志愿军战士们发扬"钉子战术"，把自己变成一根钉子，狠狠地钉在阵地上！暗藏机巧的防御工事，神出鬼没的地道突袭，招招见血的贴身肉搏，"人在阵地在"的誓言响彻铁原战场，63军全体将士一起，在铁原构成了一道冲不破的"铁长城"。', '/files/4253ae24-a226-45bf-b8c4-0fbd9824e3e2.jpg', '中国电影股份有限公司', 1, '已上映', 8.7, 6989, 10, '/files/12906d8e-e922-4251-99c4-6c9ae942fd72.mp4');

-- ---------------------------
-- 8. film_type -- 电影-类型关联数据
-- ---------------------------
INSERT INTO `film_type` (`film_id`, `type_id`) VALUES
(10, 5), (10, 14), (10, 17),
(11, 21), (11, 22),
(12, 13), (12, 22),
(13, 1), (13, 18),
(14, 14), (14, 19), (14, 22),
(15, 14), (15, 20),
(16, 14), (16, 21), (16, 22),
(17, 14), (17, 17), (17, 22),
(18, 13), (18, 14), (18, 20),
(19, 5), (19, 13), (19, 22),
(20, 13), (20, 22),
(21, 17), (21, 22),
(22, 5), (22, 14), (22, 17),
(23, 14), (23, 16), (23, 22),
(24, 1), (24, 15), (24, 22),
(25, 14), (25, 19), (25, 20), (25, 22),
(26, 18), (26, 22);

-- ---------------------------
-- 9. actor -- 演员数据
-- ---------------------------
INSERT INTO `actor` (`id`, `film_id`, `title`, `img`, `actor`, `figure`, `picture`, `grade`, `video`) VALUES
(3, 24, '危机航线', '/files/ea4343cc-6ba0-4a57-a2aa-bd4775ffae99.jpg', '刘德华', '高浩钧', '/files/9aefa1dd-3a59-4d22-a267-2b51e7aeff98.jpg', '主演', '9df1bc9b9d01.mp4'),
(6, 24, '危机航线', '/files/15612c22-5124-4618-9c37-c489db4fc899.jpg', '张子枫', '小军', '/files/77bde2f0-39bb-46c9-a274-c1f9870f2d2b.jpg', '主演', '9df1bc9b9d01.mp4'),
(8, 13, '伟大征程', '/files/2390faa7-14e7-4a80-a5e0-6e90a642a23b.jpg', '张梓宸', 'Mike', '/files/e5c0bbd6-2269-4bfe-9f9d-15340346a992.jpg', '二级演员', NULL),
(9, 22, '熊猫计划', '/files/cea34574-05ee-4138-984b-d8af9f03bb0a.jpg', '成龙', 'Jackie Chan', '/files/2427debd-1a4d-4821-a658-70ca584358f8.jpg', '主演', '/files/f415156f-eee6-4bfe-9a24-a2f7734998cb.mp4'),
(10, 26, '志愿军:存亡之战', '/files/d6e7046b-35f0-4524-abb6-723f95ceb8da.jpg', '朱一龙', '李想', '/files/8f324b5b-7fe1-4df9-8f22-8187040feec6.jpg', '主演', '/files/12906d8e-e922-4251-99c4-6c9ae942fd72.mp4'),
(11, 26, '志愿军:存亡之战', '/files/6b8b8db0-0887-4541-a7fe-ccad09fd34c4.jpg', '张子枫', '李晓', '/files/414a6cfb-9c1e-4dd6-bdfc-02889ba367d3.jpg', '主演', '/files/12906d8e-e922-4251-99c4-6c9ae942fd72.mp4');

-- ---------------------------
-- 10. cinema_film — 影院-电影关联数据
-- ---------------------------
INSERT INTO `cinema_film` (`id`, `cinema_id`, `film_id`) VALUES
(1, 8, 22),
(2, 9, 22),
(3, 8, 24),
(4, 10, 24),
(5, 8, 26),
(6, 9, 26),
(7, 10, 25),
(8, 8, 18),
(9, 8, 17),
(10, 9, 17),
(11, 8, 12),
(12, 8, 10),
(13, 9, 10),
(14, 9, 25),
(15, 10, 12),
(16, 9, 18);

-- ---------------------------
-- 11. record — 放映记录/排片数据
-- ---------------------------
INSERT INTO `record` (`id`, `cinema_id`, `room_id`, `film_id`, `title`, `start`, `price`, `status`) VALUES
(1, 8, 1, 24, '危机航线', '2024-11-01', 38.0, '已上映'),
(2, 8, 2, 24, '危机航线', '2024-11-02', 39.5, '已上映'),
(7, 9, 12, 22, '熊猫计划', '2025-09-03 20:06', 49.5, '已上映'),
(8, 9, 10, 17, '变形金刚: 起源', '2025-08-07 00:00', 45.5, '已上映'),
(9, 9, 11, 26, '志愿军: 存亡之战', '2025-07-09 00:00', 39.9, '已上映'),
(10, 9, 10, 25, '毒液: 最后一舞', '2025-08-05 00:00', 38.8, '已上映'),
(11, 10, 7, 12, '爱情神话', '2025-09-04 00:00', 41.5, '已上映'),
(12, 9, 10, 18, '749', '2025-10-01 00:00', 39.5, '已上映'),
(13, 10, 7, 24, '危机航线', '2025-10-07 00:00', 45.0, '已上映');

-- ---------------------------
-- 12. ordered — 订单数据
-- ---------------------------
INSERT INTO `ordered` (`id`, `orders`, `record_id`, `user_id`, `film_id`, `img`, `cinema_id`, `room_id`, `appointment`, `total`, `number`, `status`, `start`, `seat`) VALUES
(19, '202603058485', 13, 8, 24, '/files/41a5b2c9-14b5-4d4d-9a27-16d3db09320c.jpg', 10, 7, '场次ID:13', 90.0, 2, '待取票', '2025-10-07 00:00', '1排3座,1排2座'),
(20, '202603053368', 10, 8, 25, '/files/f6add364-ca35-4596-a1bc-9f6543228b72.jpg', 9, 10, '场次ID:10', 77.6, 2, '待取票', '2025-08-05 00:00', '2排1座,2排2座'),
(21, '202603054904', 9, 8, 26, '/files/4253ae24-a226-45bf-b8c4-0fbd9824e3e2.jpg', 9, 11, '场次ID:9', 79.8, 2, '待取票', '2025-07-09 00:00', '1排7座,2排6座'),
(22, '202603051311', 10, 8, 25, '/files/f6add364-ca35-4596-a1bc-9f6543228b72.jpg', 9, 10, '场次ID:10', 77.6, 2, '待取票', '2025-08-05 00:00', '1排5座,1排6座'),
(23, '202603051370', 10, 8, 25, '/files/f6add364-ca35-4596-a1bc-9f6543228b72.jpg', 9, 10, '场次ID:10', 116.4, 3, '待取票', '2025-08-05 00:00', '2排8座,3排8座,3排5座'),
(24, '202603057944', 13, 8, 24, '/files/41a5b2c9-14b5-4d4d-9a27-16d3db09320c.jpg', 10, 7, '场次ID:13', 135.0, 3, '待取票', '2025-10-07 00:00', '2排2座,6排2座,6排3座'),
(25, '202603050930', 10, 8, 25, '/files/f6add364-ca35-4596-a1bc-9f6543228b72.jpg', 9, 10, '场次ID:10', 116.4, 3, '待取票', '2025-08-05 00:00', '5排5座,5排7座,5排6座'),
(26, '202603056163', 10, 8, 25, '/files/f6add364-ca35-4596-a1bc-9f6543228b72.jpg', 9, 10, '场次ID:10', 38.8, 1, '待取票', '2025-08-05 00:00', '4排1座'),
(27, '202603089159', 13, 8, 24, '/files/41a5b2c9-14b5-4d4d-9a27-16d3db09320c.jpg', 10, 7, '场次ID:13', 45.0, 1, '待取票', '2025-10-07 00:00', '3排7座');

-- ---------------------------
-- 13. mark — 评分数据
-- ---------------------------
INSERT INTO `mark` (`id`, `user_id`, `film_id`, `img`, `mark`) VALUES
(1, 6, 10, '/files/dac64520-915f-4b61-95dc-3018c2390ebf.jpg', '9.5');

-- ---------------------------
-- 14. notice — 通知公告数据
-- ---------------------------
INSERT INTO `notice` (`id`, `title`, `content`, `time`) VALUES
(5, '系统正式上线', '系统功能已全部完善!开始发放内测!!!', '2025-09-15 06:18:33'),
(6, '系统更新1.0', '优化了用户界面的使用体验!!!', '2025-09-16 06:20:13');

-- ---------------------------
-- 15. video — 预告片数据
-- ---------------------------
INSERT INTO `video` (`id`, `title`, `img`, `name`, `preview`, `start`) VALUES
(2, '熊猫计划', '/files/4343a492-ed82-4afb-bbad-3c3d864f15ac.jpg', '熊猫计划预告片', '/files/f415156f-eee6-4bfe-9a24-a2f7734998cb.mp4', '2024-11-01'),
(5, '毒液', '/files/907179ba-a444-43e9-89aa-300dba2f8aba.jpg', '毒液预告片', '/files/fa10ff2d-e7d5-4a9a-ae6e-d165809bfb50.mp4', '2025-07-04'),
(6, '749', '/files/26de5bca-6c38-49dc-ae44-38a188319953.jpg', '749局', '/files/1090dbba-fdc5-4836-9f4a-323d250fdc13.mp4', '2025-09-13'),
(7, '不为人知的故事', '/files/b3e282ff-5a65-474a-9e54-893a17ab0321.jpg', '不为人知的故事', '/files/f9d7ef46-ae54-43ba-9e4d-565f4613bff7.mp4', '2025-09-27'),
(8, '蓦然回首', '/files/557d41b1-fec3-4f0d-98e1-b5fe6421680f.jpg', '《蓦然回首》催泪神作《蓦然回首》中国首映礼 圆满落幕！今日全国艺联上映！', '/files/9f0aeaf5-35b7-4da7-802e-741c8d75a075.mp4', '2023-08-16'),
(9, '变形金刚: 起源', '/files/2bf9d49e-26a8-45c1-804d-f79ee617dda2.jpg', '《变形金刚：起源》动画电影《变形金刚：起源》宣布确认引进中国内地，待定档', '/files/18ecdf7f-b9d7-4d99-994c-0353cf8774cf.mp4', '2022-09-01'),
(10, '危机航线', '/files/feb7370a-0912-44a2-bf85-d4a87f631dd8.jpg', '危机航线最新预告视频', '/files/8a96e0ce-2f6c-45c9-90a1-9df1bc9b9d01.mp4', '2025-09-10'),
(11, '海绵宝宝', '/files/f2b47831-9c0b-4863-b2f1-c350d29dcd1e.jpg', '海绵宝宝预告片', '/files/3039214a-7d12-4dc6-b896-d80ecdbd714b.mp4', '2023-02-04'),
(12, '这个杀手不太冷', '/files/fcff7c26-ab04-4212-ba0b-03b867aa997b.jpg', '这个杀手不太冷预告片', '/files/e9207194-9e2f-49e1-94ee-a575d207b551.mp4', '2024-10-09'),
(13, '志愿军:存亡之战', '/files/e9a36369-61e5-4441-bc8d-54b6864d5272.jpg', '志愿军:存亡之战 预告片', '/files/12906d8e-e922-4251-99c4-6c9ae942fd72.mp4', '2026-03-04');
